[{"ID":"1","Name":"Allianz","Type":"Aseguradora","Email":"allianz@mail.com","Phone":"5941133","Potential":false,"Contact":"Emilio Camacho Verdú","Image":"https://lh3.googleusercontent.com/7vyxhwRzO54JkwkAqlvIrQgiqXusdggQmVxhFxwiAAeTfuBws5-U4Mih6LmUtxCUQbc=w2400","___FK_b6d2166c1f458fce184a7e9f_00005":""},{"ID":"2","Name":"Equidad Seguros","Type":"Aseguradora","Email":"equidadseg@mail.com","Phone":"6373849","Potential":false,"Contact":"Eva María Menéndez Ballester","Image":"https://lh4.googleusercontent.com/-x4KIC_fuSwrZTrG8Dg26DDKljCvgfTgUS05SiWuctYcmit0RnUSZkbwkQ7-Ps1VmsE=w2400","___FK_b6d2166c1f458fce184a7e9f_00005":""},{"ID":"3","Name":"Fundación de Santa Fe de Bogotá","Type":"IPS","Email":"fsfb@mail.com","Phone":"6472839","Potential":false,"Contact":"Adalberto Gabriel Mateo Alberdi","Image":"https://lh4.googleusercontent.com/jyFGAHDypjS6gWjclcgNH0c0R1CCA8-EiOFaq_ZOAh0_gYVHN42mwsieOBgVOc9SFRw=w2400","___FK_b6d2166c1f458fce184a7e9f_00005":""},{"ID":"4","Name":"Clínica de Fracturas","Type":"IPS","Email":"clinicafracturas@mail.com","Phone":"7738480","Potential":true,"Contact":"Jerónimo Comas Gutierrez","Image":"https://lh5.googleusercontent.com/93ISPQozkV2cz_MCTqeY-DoZMgS5hbVaDZ9wQaaC4a6hOq0XmBt3inPhaoJfPpC-Q8Y=w2400","___FK_b6d2166c1f458fce184a7e9f_00005":""},{"ID":"5","Name":"Colsanitas","Type":"EPS","Email":"colsanitas@mail.com","Phone":"7282884","Potential":true,"Contact":"Calisto Marquez","Image":"https://lh6.googleusercontent.com/TgXyMUD7TS9SMhKYdE1D19l3czpVBd60e66AMq8Ecg_mwp-LKohMzZAyQpadS7ZxyFg=w2400","___FK_b6d2166c1f458fce184a7e9f_00005":""},{"ID":"6","Name":"SURA","Type":"Aseguradora","Email":"sura@mail.com","Phone":"3838385","Potential":false,"Contact":"Margarita Chacón","Image":"https://lh5.googleusercontent.com/mh7yzsUzeClAr9NoVPnzLsGPY7VNqQk88eTOJdiThpcnEOrxYhfoDh-txnL2TZ3GyAo=w2400","___FK_b6d2166c1f458fce184a7e9f_00005":""},{"ID":"7","Name":"Clínica del Country","Type":"IPS","Email":"country@mail.com","Phone":"0292948","Potential":false,"Contact":"Hector Salas Villar","Image":"https://lh4.googleusercontent.com/d0E7kR8KzLkrwQrc-EtrcSAzxxF602-3WaawIKG82aKwL79f31NtEUn0kXX-r3K_jNM=w2400","___FK_b6d2166c1f458fce184a7e9f_00005":""},{"ID":"8","Name":"Hospital Militar Central","Type":"IPS","Email":"hmilitarc@mail.com","Phone":"7473920","Potential":false,"Contact":"Luciana Murillo Pinilla","Image":"https://lh3.googleusercontent.com/vai9zh5eSIL8PdMQ-eNtlBM-vmtKS85UXRtNRwIwKUyCbwq482nNmUK-3ppgrfdHrt0=w2400","___FK_b6d2166c1f458fce184a7e9f_00005":""},{"ID":"9","Name":"Clínica MED","Type":"IPS","Email":"med@mail.com","Phone":"7534709","Potential":true,"Contact":"Hugo Paz","Image":"https://lh3.googleusercontent.com/YyoFv06POu4wGlqJOR1Qhf6JJP2IEXa0Dv3iRu32gIbuUUHYCapooc07PrCHRCvN25Y=w2400","___FK_b6d2166c1f458fce184a7e9f_00005":""},{"ID":"10","Name":"Centro Médico Imbanaco","Type":"IPS","Email":"cl10@mail.com","Phone":"2346543","Potential":false,"Contact":"Jose Carlos Villalobos","Image":"https://lh3.googleusercontent.com/tJQ4AsloTJLTQaobYZyigjeH8MmX9OuCwJ2ChwMzVPq66p9g3qKLYftVBHfTfYfU16E=w2400","___FK_b6d2166c1f458fce184a7e9f_00005":""}]
