[{"ID":"1","Name":"10 Encuentro Nacional de Artroscopia y Traumatología","Assistants":123,"Date":"/Date(1669248000000)/","State":"Planeado","___FK_18dcc203d1a9695e183fa668_00006":"Bogotá","Cost":2000000,"City1":"Bogotá","SurveyCount":6390.1,"Effectiveness":4830.46,"___FK_b6d2166c1f458fce184a7e9f_00011":""},{"ID":"2","Name":"67 Congreso Nacional de SCCOT","Assistants":150,"Date":"/Date(1620259200000)/","State":"Finalizado","___FK_18dcc203d1a9695e183fa668_00006":"Medellín","Cost":5000000,"City1":"Medellín","SurveyCount":4176.77,"Effectiveness":4551.27,"___FK_b6d2166c1f458fce184a7e9f_00011":""},{"ID":"3","Name":"4 Congreso Nacional de Ortopedia para Médicos Generales","Assistants":132,"Date":"/Date(1551052800000)/","State":"Finalizado","___FK_18dcc203d1a9695e183fa668_00006":"Cali","Cost":1500000,"City1":"Cali","SurveyCount":8174.35,"Effectiveness":8692.6,"___FK_b6d2166c1f458fce184a7e9f_00011":""},{"ID":"4","Name":"11 Curso Internacional de Artroscopia y Traumatología Deportiva","Assistants":230,"Date":"/Date(1692835200000)/","State":"En Planeación","___FK_18dcc203d1a9695e183fa668_00006":"Cartagena","Cost":7000000,"City1":"Cartagena","SurveyCount":1230.46,"Effectiveness":815.06,"___FK_b6d2166c1f458fce184a7e9f_00011":""},{"ID":"5","Name":"8 Encuentro Bienal de Hombro","Assistants":65,"Date":"/Date(1676160000000)/","State":"Inscrito","___FK_18dcc203d1a9695e183fa668_00006":"Armenia","Cost":800000,"City1":"Armenia","SurveyCount":4073.27,"Effectiveness":626.91,"___FK_b6d2166c1f458fce184a7e9f_00011":""}]