[{"ID":"MD11","Name":"SUB SOFT 1.6","Category":"Medicina Deportiva","___FK_fd103d42ea13adbc183d5c08_00012":"1","___FK_fd103d42ea13adbc183d5c08_00021":"1","___FK_fd103d42ea13adbc183d5c08_00039":"1","Description":"Anclaje que reduce la eliminación de hueso y múltiples puntos de fijación.","Stock":12,"___FK_481d9ac2494dc9b4184a2981_00007":"","Supplies":"South American Implants","Image":"https://lh3.googleusercontent.com/IcHDgSOOkSCOET0WYh3SC1vnATjeeLr7C_XvQ_7j_xhvl99cv0C0xMddiyP5P8i00Z4=w2400"},{"ID":"MD16","Name":"SUB TWIST","Category":"Medicina Deportiva","___FK_fd103d42ea13adbc183d5c08_00012":"1","___FK_fd103d42ea13adbc183d5c08_00021":"2","___FK_fd103d42ea13adbc183d5c08_00039":"2","Description":"Anclaje totalmente roscado y sin nudos. Microperforado para minimizar material y permitir crecimiento óseo.","Stock":20,"___FK_481d9ac2494dc9b4184a2981_00007":"","Supplies":"South American Implants","Image":"https://lh5.googleusercontent.com/BIyXPZrdoOAPaDyL04eSm1QRsLjarEV9pMTpoehUTc2Ipf4KiM_VwUEirmIcAmL0q2s=w2400"},{"ID":"MD21","Name":"LATARJET","Category":"Medicina Deportiva","___FK_fd103d42ea13adbc183d5c08_00012":"2","___FK_fd103d42ea13adbc183d5c08_00021":"3","___FK_fd103d42ea13adbc183d5c08_00039":"3","Description":"Tornillo para luxación de hombro aguda. Brinda mayor comodidad y precisión.","Stock":150,"___FK_481d9ac2494dc9b4184a2981_00007":"","Supplies":"Arcuro Medical","Image":"https://lh4.googleusercontent.com/HFhUXQQ3JGtIy2KV-E0uv53Akw691QZXmeB7Xw5Q7GGcURvQ1vcTE_S3ux82h5Oi-ds=w2400"},{"ID":"MD41","Name":"SHARK","Category":"Medicina Deportiva","___FK_fd103d42ea13adbc183d5c08_00012":"1","___FK_fd103d42ea13adbc183d5c08_00021":"4","___FK_fd103d42ea13adbc183d5c08_00039":"4","Description":"Grapas de compresión activa continua que mantienen la estabilidad y fuerza mecánica constante para una óptima consolidación ósea.","Stock":15,"___FK_481d9ac2494dc9b4184a2981_00007":"","Supplies":"South American Implants","Image":"https://lh4.googleusercontent.com/rHXfjUBOr72svWhIcfVhQ3Q4U-_Fd-syFELxuxbkwlKVP3MmGEu736HsE1IPI-lLPbw=w2400"},{"ID":"MD71","Name":"SUPER BALL","Category":"Medicina Deportiva","___FK_fd103d42ea13adbc183d5c08_00012":"2","___FK_fd103d42ea13adbc183d5c08_00021":"5","___FK_fd103d42ea13adbc183d5c08_00039":"5","Description":"Sistema de reparación meniscos. Consiste en un anclaje de sutura sin nudos y un sistema de entrega innovador que es segura y confiable.","Stock":3,"___FK_481d9ac2494dc9b4184a2981_00007":"","Supplies":"Arcuro Medical","Image":"https://lh5.googleusercontent.com/YP6ubdJuROO6GRZGtc9HZHD7l4t7e-isJqgtETEdsovO0CJdf38hZVj8jnUsJC1WylI=w2400"},{"ID":"RA1","Name":"REVERSE","Category":"Reemplazo Articular","___FK_fd103d42ea13adbc183d5c08_00012":"3","___FK_fd103d42ea13adbc183d5c08_00021":"1","___FK_fd103d42ea13adbc183d5c08_00039":"6","Description":"Prótesis de hombro de diseño semiconductor que invierte la anatomía del hombro mediante la lateralización de la articulación del hombro para resistir eficazmente la tensión del músculo deltoides y optimizar el equilibrio de los tejidos blandos.","Stock":2,"___FK_481d9ac2494dc9b4184a2981_00007":"","Supplies":"DJO Surgical","Image":"https://lh4.googleusercontent.com/28wRwU3lyqh0bgoptAVEP_d5Be6l0lNj9-npfhquz01z1ZagrBXWCspLiP0kLENCghs=w2400"},{"ID":"RA2","Name":"TURON","Category":"Reemplazo Articular","___FK_fd103d42ea13adbc183d5c08_00012":"4","___FK_fd103d42ea13adbc183d5c08_00021":"2","___FK_fd103d42ea13adbc183d5c08_00039":"7","Description":"Sistema total de hombros que incorpora la tecnología de cuello IMIN; una función de reloj patentada que proporciona la capacidad de marcar en la posición correcta del cuello para restaurar la anatomía individual del paciente con mayor precisión en comparación con un diseño de cuello fijo.","Stock":1,"___FK_481d9ac2494dc9b4184a2981_00007":"","Supplies":"Skeletal Dynamics","Image":"https://lh4.googleusercontent.com/EAzBmAN29nwnXvYFuq82fvyAsNz-CJoeY-Rna3RLS0XuHgkCpH4fQquKdrUTp3zETpk=w2400"},{"ID":"RA3","Name":"RSP Monoblock","Category":"Reemplazo Articular","___FK_fd103d42ea13adbc183d5c08_00012":"4","___FK_fd103d42ea13adbc183d5c08_00021":"3","___FK_fd103d42ea13adbc183d5c08_00039":"1","Description":"La última incorporación a la familia Reverse; el monobloque RSP es un diseño de tallo / envoltura de una sola pieza con agujeros de sutura y aletas para abordar fracturas proximales. Este tallo captura las ventajas del tradicional RSP y tiene el beneficio de las indicaciones ampliadas.","Stock":4,"___FK_481d9ac2494dc9b4184a2981_00007":"","Supplies":"Skeletal Dynamics","Image":"https://lh5.googleusercontent.com/cy56jEj5GAppJeMKJhTILw05-UkQYU-U0cTZ2lu8___II81ZpP61oReRofEtCjM_UYU=w2400"},{"ID":"RA32","Name":"Alti-Vate REVERSE","Category":"Reemplazo Articular","___FK_fd103d42ea13adbc183d5c08_00012":"3","___FK_fd103d42ea13adbc183d5c08_00021":"4","___FK_fd103d42ea13adbc183d5c08_00039":"2","Description":"Prótesis que se basa en los principios de diseño del RSP®, que están respaldados por datos clínicos de 10 años de seguimiento. Estos principios de diseño incluyen un centro de rotación lateral a la glenoides, un ángulo del cuello humeral de 135 °, tallos humerales de 48 mm rectos y convertibles con orificios para reinsertar las tuberosidades.","Stock":3,"___FK_481d9ac2494dc9b4184a2981_00007":"","Supplies":"DJO Surgical","Image":"https://lh4.googleusercontent.com/6sQWQyUjkSWxHOu9m6eUbiPs3Ilek8vYPAJpmTK3j8uqW7e5VCHnS2qR2NMdO_Uv1Gk=w2400"},{"ID":"SG8","Name":"Placa PROTEAN","Category":"Sistema Geminus","___FK_fd103d42ea13adbc183d5c08_00012":"5","___FK_fd103d42ea13adbc183d5c08_00021":"5","___FK_fd103d42ea13adbc183d5c08_00039":"3","Description":"Placa para fracturas de mano de fragmento específico.","Stock":87,"___FK_481d9ac2494dc9b4184a2981_00007":"","Supplies":"BTI Human Technology","Image":"https://lh3.googleusercontent.com/7k7jLf0rRosIPqI-S685y3-h1xwBzfn9YTwK5ERi1tkGxV1Dfe8j7Y01Z1pSEFzWo78=w2400"}]
