[{"ID":"1","Time":"PT10H19M31S","___FK_fd103d42ea13adbc183d5c08_00033":"1","___FK_fd103d42ea13adbc183d5c08_00037":"1","ClientName":"Allianz"},{"ID":"2","Time":"PT7H21M53S","___FK_fd103d42ea13adbc183d5c08_00033":"1","___FK_fd103d42ea13adbc183d5c08_00037":"2","ClientName":"Equidad Seguros"},{"ID":"3","Time":"PT22H26M4S","___FK_fd103d42ea13adbc183d5c08_00033":"2","___FK_fd103d42ea13adbc183d5c08_00037":"3","ClientName":"Fundación de Santa Fe de Bogotá"},{"ID":"4","Time":"PT9H7M13S","___FK_fd103d42ea13adbc183d5c08_00033":"2","___FK_fd103d42ea13adbc183d5c08_00037":"4","ClientName":"Clínica de Fracturas"},{"ID":"5","Time":"PT12H18M56S","___FK_fd103d42ea13adbc183d5c08_00033":"3","___FK_fd103d42ea13adbc183d5c08_00037":"5","ClientName":"Colsanitas"},{"ID":"6","Time":"PT12H20M41S","___FK_fd103d42ea13adbc183d5c08_00033":"3","___FK_fd103d42ea13adbc183d5c08_00037":"6","ClientName":"SURA"},{"ID":"7","Time":"PT6H26M44S","___FK_fd103d42ea13adbc183d5c08_00033":"4","___FK_fd103d42ea13adbc183d5c08_00037":"7","ClientName":"Clínica del Country"},{"ID":"8","Time":"PT14H38M44S","___FK_fd103d42ea13adbc183d5c08_00033":"4","___FK_fd103d42ea13adbc183d5c08_00037":"8","ClientName":"Hospital Militar Central"},{"ID":"9","Time":"PT14H9M14S","___FK_fd103d42ea13adbc183d5c08_00033":"5","___FK_fd103d42ea13adbc183d5c08_00037":"9","ClientName":"Clínica MED"},{"ID":"10","Time":"PT11H10M3S","___FK_fd103d42ea13adbc183d5c08_00033":"5","___FK_fd103d42ea13adbc183d5c08_00037":"10","ClientName":""}]